acc_max,acc_kurtosis,acc_skewness,gyro_max,gyro_kurtosis,gyro_skewness,linMaxValue,postLinMaxValue,postGyroMaxValue,postMagMaxValue,mag_max,mag_curtosis,mag_skewness,act,fall
6.873.591.188.356.350,-29.999.979.159.659.500,2.107.131.682.992.950,8.216.940.789.232.830,-2.995.589.914.763.290,1.172.521.191.220.410,5.892.591.188.356.350,3.700.888.978.208.420,6.631.221.390.271.470,2.283.321.214.112.280,2.119.163.961.867.470,-2.989.874.052.850.860,2.034.672.559.306.190,TRO,0
9.830.641.617.917.880,-2.947.331.516.599.840,-5.883.970.888.267.720,42.700.596.407.533.700,-2.897.489.107.052.440,18.162.823.784.383.900,20.641.617.917.883.400,10.595.479.987.915.600,6.372.973.054.896.370,2.132.795.306.345.960,21.625.650.830.727.300,-22.821.745.502.977.200,-10.929.655.211.483.300,SEN,0
11.413.295.743.953.300,-2.987.723.296.945.780,8.460.115.985.796.390,18.696.215.413.463.500,-19.249.536.066.486.800,-584.461.475.893.696,1.603.295.743.953.310,12.455.467.261.745.600,22.320.682.675.318.000,19.034.662.771.461.700,18.656.622.697.705.500,-29.457.057.574.418.700,-5.623.185.852.909.240,CA,0
421.740.813.179.872,-29.999.969.533.406.100,15.444.530.759.238.800,7.359.270.015.480.590,-29.814.929.399.127.700,3.752.259.977.722.350,323.640.813.179.872,44.030.684.902.451.700,9.071.512.994.463.550,14.589.379.648.939.000,16.711.588.656.038.300,-2.996.178.418.318.910,10.355.480.834.310.300,TRO,0
8.459.200.286.300.980,-29.999.993.214.516.300,1.577.803.802.489.130,7.254.405.438.775.470,-29.958.099.398.170.700,913.893.471.894.343,7.478.200.286.300.980,8.066.819.650.692.340,6.151.876.474.957.610,17.618.046.778.918.300,18.294.195.847.896.400,64.426.876.163.043.200,29.389.044.644.617.500,SAL,0
11.139.694.868.837.200,-2.972.854.465.255.390,10.707.411.181.984.200,12.510.675.245.317.100,-298.984.341.757.487,19.638.127.041.790.800,13.296.948.688.372.400,10.033.549.151.546.300,736.208.719.688.806,2.137.819.387.952.160,20.789.978.326.838.400,-29.083.173.730.752.400,-4.067.997.422.128.160,SEN,0
14.054.520.724.052.800,-299.336.732.896.274,-6.680.323.760.031.000,36.238.686.191.513.400,-27.809.794.439.177.300,-14.468.255.761.498.200,4.244.520.724.052.880,12.002.972.108.197.200,4.616.030.499.816.220,14.955.653.697.795.400,2.609.503.384.876.120,-29.982.390.203.243.800,2.010.712.297.399.140,CA,0
7.138.176.451.168.400,-29.999.969.747.983.300,18.081.029.967.096.800,8.561.807.173.067.680,-29.889.307.381.802.200,13.106.351.880.715.400,6.157.176.451.168.400,4.192.029.678.248.010,5.319.009.120.131.680,20.228.810.373.336.500,17.675.678.335.805.100,-2.974.707.950.615.680,4.016.982.014.626.420,TRO,0
9.808.410.433.773.710,-29.916.457.572.459.500,1.139.920.276.855.950,11.388.925.007.188.900,-2.919.062.209.077.570,19.829.805.430.969.500,0,9.450.577.589.462.580,9.515.246.196.703.920,21.496.920.446.308.700,21.551.361.453.178.100,-20.869.296.081.712.000,-759.250.392.713.411,SEN,0
1.164.920.620.875.480,-29.921.714.945.219.900,-2.271.763.954.118.350,38.649.391.884.432.200,-22.702.235.719.184.400,-3.472.166.169.463.020,18.392.062.087.548.800,14.814.726.100.360.800,3.323.679.589.445.500,20.378.900.765.385.000,195.775.686.346.962,-29.979.874.543.418.900,-13.610.512.109.283.900,CA,0
4.879.476.788.406.100,-29.999.904.902.996.600,1.542.259.118.557.660,9.384.269.830.071.340,-29.891.444.460.470.100,9.930.837.445.442.170,38.984.767.884.061.000,4.866.575.093.328.720,2.924.072.203.046.860,18.569.006.070.913.900,1.750.951.615.798.480,-29.651.232.966.020.600,-38.460.521.967.428.500,TRO,0
6.237.457.655.112.710,-2.999.999.605.242.710,10.696.132.920.258.400,1.348.672.393.405.630,-2.999.211.920.136.510,8.774.358.040.457.410,52.564.576.551.127.100,10.422.435.483.440.600,15.780.096.849.396.200,16.412.165.619.952.800,17.433.897.116.818.400,-26.164.526.006.911.400,-5.621.911.959.092.820,SAL,0
1.043.600.657.576.060,-29.859.600.526.036.800,13.833.551.236.652.100,7.241.967.212.022.370,-2.864.079.110.932.460,8.199.428.597.482.000,6.260.065.757.606.690,9.795.972.529.039.250,7.976.156.632.470.190,20.860.335.316.619.100,20.514.121.497.020.600,-22.976.437.630.337.600,-9.169.057.138.549.870,SEN,0
11.071.381.689.485.200,-29.777.724.557.130.300,575.241.578.737.089,28.872.917.271.558.100,-24.211.715.801.148.000,2.585.531.216.559.840,12.613.816.894.852.300,14.160.474.476.588.500,38.457.569.825.458.400,21.040.161.632.671.200,17.533.452.991.317.800,-29.962.853.850.466.900,-1.242.054.709.498.070,CA,0
27.970.980.031.747.700,-299.999.643.404.712,2.281.076.453.340.460,7.544.184.473.908.820,-29.875.619.705.739.200,23.317.661.826.775.700,18.160.980.031.747.700,6.528.687.071.003.310,9.635.864.954.734.060,16.941.050.669.571.800,1.716.901.807.946.650,-2.949.248.562.796.200,-15.043.434.404.361.100,TRO,0
3.657.712.999.483.670,-2.999.998.584.448.680,19.219.257.129.775.000,837.112.057.131.562,-298.612.708.274.572,3.137.003.791.857.740,2.676.712.999.483.670,8.449.678.853.820.470,8.231.777.370.302.240,19.453.790.554.197.200,20.057.058.648.506.700,-29.681.146.989.413.300,1.449.595.957.518.280,SAL,0
12.777.556.246.805.000,-29.930.470.368.347.100,-322.630.062.454.905,35.525.372.324.251.400,-27.860.291.388.696.800,-10.708.540.799.878.300,2.967.556.246.805.060,15.849.900.322.202.500,32.700.664.661.045.800,26.599.630.270.976.900,18.682.461.591.916.100,-2.996.335.691.657.390,10.157.695.073.699.500,CA,0
6.461.204.448.617.550,-29.999.954.048.144.300,15.578.558.133.745.300,6.803.891.698.218.920,-29.859.812.799.116.400,3.077.320.828.420.350,5.480.204.448.617.550,37.610.428.241.324.200,692.009.202.537.306,16.109.301.054.655.100,1.892.436.425.259.670,-2.995.757.468.000.730,18.302.018.574.283.700,TRO,0
15.436.736.199.367.000,-29.887.267.608.750.600,3.034.932.649.200.860,3.565.837.792.720.160,-28.066.599.986.067.700,4.387.525.344.784.500,5.626.736.199.367.050,14.916.065.091.347.400,4.835.488.280.146.540,19.333.225.131.492.800,18.403.868.244.197.800,-2.994.268.248.380.550,-12.085.690.670.153.800,CA,0
47.650.553.027.317,-29.999.845.438.560.500,11.503.864.029.124.800,10.052.938.021.200.600,-2.997.363.982.830.240,13.246.762.195.629.700,37.840.553.027.317,42.367.155.090.207.600,14.143.035.279.708.800,15.809.743.391.918.600,195.214.949.023.849,-29.917.442.568.317.500,-22.937.933.004.816.800,TRO,0
8.006.606.046.753.900,-2.999.998.959.971.930,1.155.011.338.664.490,795.386.149.501.005,-2.999.233.951.826.340,15.454.418.697.528.400,7.025.606.046.753.900,53.026.490.520.339.000,10.286.781.674.778.300,1.881.906.415.189.470,1.707.809.045.755.110,-28.417.303.510.580.300,6.308.748.282.085.800,SAL,0
14.767.262.047.573.800,-29.856.633.693.120.800,-19.617.622.925.110.300,2.972.951.526.666.250,-26.650.771.580.355.600,-11.608.949.648.900.800,49.572.620.475.738.300,14.747.160.288.237.400,32.108.954.022.832.500,18.713.171.348.867.300,25.256.079.834.648.700,-2.995.531.613.553.720,-44.131.959.095.726.400,CA,0
1.681.100.445.364.340,-299.999.620.068.414,1.554.563.505.581.750,8.749.463.336.586.130,-29.805.494.632.919.800,1.045.281.508.694.350,7.001.004.453.643.440,1.547.637.070.727.350,4.979.566.288.482.160,1.609.320.283.567.160,186.765.829.750.855,-29.951.537.328.630.800,7.481.802.395.293.710,TRO,0
8.740.581.826.875.070,-29.999.994.653.385.000,20.250.624.203.833.500,8.996.155.965.483.690,-29.805.987.547.109.200,19.779.562.695.208.000,7.759.581.826.875.070,14.446.800.393.723.100,6.416.866.830.237.750,2.012.291.122.113.020,1.870.287.654.822.970,-2.550.811.325.039.010,48.461.744.950.089.500,SAL,0
16.838.007.988.222.500,-2.994.421.114.645.970,27.785.913.689.606.200,6.005.411.755.821.400,-2.935.974.496.975.540,10.576.996.671.272.100,7.028.007.988.222.590,14.201.602.574.912.700,32.682.104.730.062.300,17.827.776.198.550.500,2.119.036.608.074.170,-2.989.808.670.307.050,-4.571.990.291.506.710,CA,0
4.361.815.347.569.080,-2.999.985.137.872.650,905.297.375.491.664,9.127.959.772.531.240,-2.994.658.088.565.890,8.226.726.649.651.550,3.380.815.347.569.080,19.947.317.924.954.200,10.257.601.644.193.300,20.920.133.546.153.100,14.842.452.632.757.100,-29.955.404.937.184.500,-6.408.385.959.087.680,TRO,0
3.744.792.154.668.590,-299.999.411.114.747,15.871.358.146.960.000,10.707.877.094.370.100,-29.995.976.492.362.900,16.235.838.781.883.800,27.637.921.546.685.900,5.775.800.339.461.970,60.914.342.438.978.100,19.117.321.263.065.500,20.243.220.649.999.000,-27.959.881.618.550.200,12.040.793.648.915.900,SAL,0
10.222.180.047.109.900,-2.923.007.959.678.200,9.175.653.862.449.600,14.163.528.995.759.400,-28.909.636.212.975.300,1.058.476.505.608.360,41.218.004.710.993.300,9.622.769.704.204.350,23.980.283.878.972.400,2.039.770.550.244.320,22.579.619.194.157.100,-2.939.726.821.898.990,-44.987.113.272.195.900,SEN,0
18.603.404.272.738.700,-29.979.538.469.746.100,2.526.594.842.077.540,2.946.149.497.835.020,-28.890.059.205.425.500,8.777.178.145.665.580,8.793.404.272.738.790,1.602.897.456.094.730,26.949.564.274.962.200,18.975.656.907.000.200,17.620.907.946.520.200,-2.993.768.648.859.740,-1.354.751.634.536.320,CA,0
3.966.995.868.800.370,-299.999.887.874.177,2.072.729.312.317.700,8.387.763.609.589.460,-29.849.671.449.595.000,5.712.878.566.591.300,2.985.995.868.800.370,9.412.385.821.754.650,50.415.468.340.798.000,19.991.618.689.931.700,1.614.323.332.417.210,-2.979.853.182.012.400,-2.115.588.122.406.220,TRO,0
8.156.554.599.211.840,-2.999.999.290.276.270,1.142.646.114.847.890,32.891.399.077.528.500,-299.048.321.009.163,5.645.252.153.968.560,7.175.554.599.211.840,4.384.072.230.407.220,6.867.236.175.282.160,18.954.113.279.123.000,18.789.965.780.890.800,-2.867.941.643.873.130,23.408.832.147.890.800,SAL,0
11.531.311.621.402.300,-29.875.973.144.469.100,8.826.606.565.059.830,23.624.506.784.002.900,-2.568.669.340.788.790,10.472.771.499.213.400,17.213.116.214.023.500,11.744.584.725.635.100,2.701.760.433.544.310,20.550.240.074.217.200,21.075.805.577.856.700,-2.930.406.848.576.020,-15.080.743.518.079.500,CA,0
12.865.115.267.528.900,-2.994.530.064.026.170,-8.736.311.240.414.480,3.730.192.972.854.280,-2.780.597.336.341.370,-6.199.228.820.723.960,3.055.115.267.528.960,11.102.936.469.489.000,3.794.154.878.266.160,21.346.596.729.178.600,18.968.068.196.831.500,-26.772.869.260.599.200,9.239.926.000.543.250,CA,0
3.970.844.641.970.120,-29.999.930.018.076.200,14.598.053.220.436.600,2.830.538.537.081.590,-2.919.985.079.788.920,7.241.277.545.249.340,2.989.844.641.970.120,4.416.083.344.564.250,40.776.907.746.938.000,20.902.917.771.614.600,23.373.060.532.549.400,-29.777.715.693.326.400,-5.587.992.974.663.410,TRO,0
802.679.972.738.197,-29.999.995.039.113.600,18.380.132.230.018.300,61.421.177.488.384.500,-2.877.045.665.368.440,14.838.780.258.626.600,704.579.972.738.197,6.682.559.220.569.980,5.311.251.289.106.540,21.762.388.824.371.700,21.459.039.789.530.600,-2.390.718.020.127.500,-13.017.588.269.963.600,SAL,0
10.216.644.310.192.400,-28.974.810.963.199.700,12.546.896.722.385.500,28.120.842.003.255.200,-2.822.083.495.029.470,15.636.574.837.384.800,40.664.431.019.245.400,10.692.795.358.441.200,5.644.067.603.766.920,1.825.164.100.591.810,18.112.547.412.375.800,-28.117.369.498.426.200,10.115.959.066.874.200,SEN,0
10.561.987.591.043.000,-2.939.736.691.986.190,6.030.771.897.572.410,2.412.959.774.585.630,-2.314.919.055.068.160,-11.238.676.484.827.400,7.519.875.910.430.500,1.322.019.503.400.940,2.505.165.065.441.890,3.350.305.595.174.070,19.511.441.915.383.100,-29.998.066.356.537.700,14.211.710.648.432.700,CA,0
3.574.832.692.273.510,-2.999.989.404.533.910,12.251.140.685.334.800,4.649.618.865.512.190,-2.517.137.071.737.560,6.593.532.944.646.760,25.938.326.922.735.100,4.260.128.305.907.500,31.838.684.846.208.700,2.197.966.291.604.320,23.959.539.992.186.600,-2.928.574.766.136.600,38.984.079.290.506.100,TRO,0
19.191.898.818.391.200,-2.999.999.704.180.640,18.183.239.608.920.200,4.901.632.518.102.970,-294.515.112.205.634,5.110.563.089.465.960,9.381.898.818.391.220,9.568.876.152.374.270,6.979.797.792.897.030,2.207.812.431.505.850,21.760.486.720.686.300,-2.818.317.525.194.870,-15.402.175.992.482.600,SAL,0
10.128.733.793.600.400,-29.841.277.197.014.500,-987.701.245.864.202,9.234.577.118.751.770,-2.964.619.724.786.280,2.422.614.538.219.680,3.187.337.936.004.910,9.764.376.812.648.350,41.368.342.188.908.000,22.446.816.448.073.100,22.241.473.629.691.800,-317.840.968.777.801,-16.537.525.510.979.500,SEN,0
12.304.492.454.469.800,-29.803.697.950.903.300,-6.165.349.416.795.480,25.763.413.015.382.300,-26.588.917.264.217.700,5.461.693.720.066.570,24.944.924.544.698.200,12.492.749.182.976.200,4.300.811.482.325.300,17.181.070.791.853.600,1.962.486.128.897.270,-29.934.100.817.509.600,8.460.849.894.327.580,CA,0
3.249.883.248.420.840,-29.999.919.720.897.600,11.626.250.223.226.600,4.538.205.967.254.610,-28.613.950.514.670.900,-23.893.501.530.305.600,2.268.883.248.420.840,18.957.691.786.894.400,426.793.145.477.943,21.725.136.875.612.500,2.432.502.324.461.340,-2.941.947.696.258.210,715.088.433.125.949,TRO,0
11.323.054.631.070.800,-2.719.311.150.403.120,-1.994.171.350.847.580,2.131.166.081.133.420,-1.644.001.307.768.230,14.567.001.628.511.300,1.513.054.631.070.870,9.902.838.584.775.060,30.557.491.454.014.000,21.204.801.085.226.500,21.850.381.223.744.200,18.904.244.955.164.300,-14.211.528.617.243.000,SEN,0
121.676.320.822.523,-2.980.074.629.802.540,-21.286.044.640.778.000,4.659.101.810.319.620,-27.943.122.020.386.900,2.135.689.828.020.660,23.576.320.822.523,1.215.277.495.740.290,30.804.374.609.612.100,18.913.709.248.148.500,18.371.956.364.572.900,-2.733.099.557.033.350,5.924.510.462.488.500,CA,0
2.549.444.414.963.740,-2.999.998.044.349.430,17.277.729.517.893.000,5.764.967.187.622.510,-28.903.593.714.961.300,671.217.427.239.551,15.684.444.149.637.400,15.924.866.231.306.300,30.416.922.989.180.200,1.802.428.334.236.550,19.551.991.212.266.100,-297.956.932.198.451,133.195.105.567.816,TRO,0
23.090.681.362.618.600,-29.999.988.986.372.900,2.089.330.502.166.310,5.132.174.951.412.620,-29.745.497.808.563.800,12.190.770.995.853.700,13.280.681.362.618.600,22.984.682.873.989.600,6.969.975.138.499.710,20.115.396.572.018.400,19.781.718.236.882.900,-2.438.387.329.730.770,13.353.704.232.207.500,SAL,0
10.275.139.300.641.300,-29.880.373.500.607.000,25.152.604.560.444.500,3.968.960.222.363.390,-1.607.448.413.179.900,10.897.004.890.531.100,46.513.930.064.139.100,10.233.799.521.234.600,35.012.438.958.887.100,20.641.394.599.995.300,2.024.437.694.173.980,26.164.245.045.860.700,26.592.722.743.312.300,SEN,0
10.809.631.688.844.900,-29.924.244.959.993.900,-10.039.934.527.993.600,24.272.546.180.330.900,-2.664.633.701.535.780,4.579.086.758.175.070,9.996.316.888.449.970,13.269.345.093.335.800,28.890.650.637.351.700,19.193.342.429.630.700,2.104.358.228.991.310,-2.967.454.465.129.840,-4.940.661.524.295.440,CA,0
58.752.855.836.323.800,-2.999.995.311.286.570,13.905.627.382.252.600,34.092.141.986.059.200,-2.952.623.659.373.690,7.497.912.622.560.160,4.894.285.583.632.380,10.249.858.632.031.500,293.449.593.931.597,20.244.554.697.115.200,23.167.614.694.436.700,-29.540.881.090.965.700,6.952.394.836.254.000,TRO,0
2.458.264.451.459.630,-2.999.999.599.930.490,15.208.011.381.913.500,6.825.921.209.497.450,-2.988.898.338.085.280,6.238.792.626.191.300,14.772.644.514.596.300,8.867.906.566.497.880,6.963.465.581.229.000,19.230.444.276.411.700,1.951.845.277.089.060,-17.898.030.133.380.300,12.146.175.270.837.700,SAL,0
10.561.221.495.219.000,-2.972.690.150.688.280,-7.763.672.837.519.850,6.282.980.161.559.780,-29.685.743.170.434.600,25.339.409.075.910.900,7.512.214.952.190.720,10.397.939.907.126.300,2.604.364.371.004.080,2.047.679.612.058.520,2.098.568.033.894.730,12.407.713.057.308.100,-7.154.798.426.360.640,SEN,0
15.134.776.670.381.500,-29.750.723.043.996.100,-10.757.094.229.830.800,3.297.481.802.034.450,-21.391.561.362.231.900,1.259.690.896.496.480,5.324.776.670.381.500,12.818.278.248.326.500,2.485.012.098.455.240,1.806.368.695.495.760,17.040.526.867.498.400,-2.943.526.342.100.230,-3.738.399.247.545.660,CA,0
1.345.653.606.751.060,-29.999.939.700.236.300,14.489.950.745.433.800,7.606.899.361.375.610,-29.584.751.015.851.600,9.466.444.331.424.080,364.653.606.751.064,3.626.283.279.243.270,42.928.962.745.885.200,16.593.444.160.979.200,2.019.042.298.799.200,-29.930.678.286.346.400,-29.721.816.837.991.600,TRO,0
17.827.722.257.421.300,-29.999.991.972.908.900,24.670.097.997.940.300,620.923.831.495.169,-29.713.847.276.544.300,3.769.026.713.297.860,8.017.722.257.421.340,17.328.798.975.752.800,6.428.264.681.606.650,20.513.156.080.950.300,20.807.287.265.543.000,-6.809.764.868.060.750,-658.019.204.189.029,SAL,0
10.448.313.346.305.400,-28.103.734.726.615.200,1.394.212.146.154.470,20.761.601.641.943.000,-2.893.643.710.060.730,16.044.967.032.205.600,6.383.133.463.054.960,1.036.082.107.132.760,38.362.386.243.146.300,2.086.395.909.914.070,20.596.348.689.151.200,-20.786.373.647.057.400,-13.794.729.143.151.200,SEN,0
12.294.019.172.411.300,-29.625.622.702.165.200,27.070.578.219.670.200,21.730.134.448.296.000,-2.527.515.701.770.800,10.892.377.271.526.400,2.484.019.172.411.350,10.913.557.454.549.600,30.582.315.148.582.100,2.011.405.464.846.780,19.192.873.524.127.600,-2.999.685.865.473.970,22.635.093.086.825.900,CA,0
21.573.857.879.238.000,-29.999.973.888.047.400,3.252.163.154.605.470,5.532.220.063.444.060,-2.838.147.508.655.780,38.203.169.750.441.700,11.763.857.879.238.000,7.111.786.234.042.940,3.974.042.847.436.560,19.740.819.895.465.900,18.157.907.592.440.400,-29.899.053.416.386.000,7.035.910.371.588.010,TRO,0
9.282.125.015.872.370,-2.999.999.648.370.910,17.940.195.928.390.100,5.694.740.159.778.670,-29.833.580.599.234.600,6.905.948.349.116.180,8.301.125.015.872.370,1.018.483.814.375.180,43.909.146.479.126.800,20.462.902.751.857.600,1.970.541.040.213.360,-2.582.700.010.364.500,9.636.035.066.808.700,SAL,0
10.390.330.771.059.700,-29.858.209.944.894.500,2.742.020.664.858.080,21.972.220.746.948.300,15.044.486.314.343.900,8.002.896.527.498.180,5.803.307.710.597.930,9.885.201.540.576.270,3.461.509.769.013.280,20.733.016.357.799.600,20.732.842.779.266.300,11.609.617.425.697.900,10.569.461.734.050.500,SEN,0
14.248.386.685.484.500,-29.718.409.396.297.000,25.728.544.826.287.700,3.841.804.330.059.620,-26.659.062.155.468.500,-15.853.715.298.924.300,4.438.386.685.484.500,12.206.772.491.508.800,3.554.109.099.512.760,19.050.448.499.250.900,1.788.714.615.413.870,-29.918.696.841.407.900,12.234.154.268.132.000,CA,0
62.810.940.430.408.500,-2.999.996.290.370.160,14.927.130.658.328.100,6.721.712.822.647.640,-2.966.095.380.498.230,8.667.727.368.440.220,5.300.094.043.040.850,4.558.384.297.873.570,3.048.697.943.835.490,16.705.770.865.645.600,1.985.165.926.447.030,-2.991.324.543.658.990,23.859.299.254.892.400,TRO,0
13.218.992.974.910.100,-2.999.997.766.039.440,1.916.577.330.816.460,5.436.038.589.001.650,-28.870.047.505.970.000,-3.406.469.156.636.330,3.408.992.974.910.180,25.668.335.418.340.600,5.025.636.565.408.690,2.043.394.250.603.700,20.355.126.073.864.300,-19.725.348.876.594.000,24.275.514.216.956.700,SAL,0
10.631.303.082.277.300,-29.277.274.567.048.200,-10.389.666.958.171.800,324.120.456.552.109,-2.852.295.086.891.280,11.281.799.215.250.500,8.213.030.822.773.950,13.149.869.479.371.900,2.426.526.952.864.380,18.324.867.604.265.300,19.543.887.933.608.500,-28.887.177.265.945.500,-23.752.908.027.695.400,CA,0
2.886.578.490.417.910,-2.999.988.703.154.030,13.382.429.588.155.100,5.805.501.945.204.600,-2.891.521.715.806.160,36.039.214.665.994.400,1.905.578.490.417.910,39.230.228.733.703.200,53.886.601.867.644.200,20.335.751.679.041.100,23.403.075.800.510.400,-29.676.275.611.173.300,13.629.944.151.018.800,TRO,0
7.594.551.452.064.090,-2.999.998.878.774.300,15.037.768.241.698.600,6.391.242.640.649.990,-29.771.753.476.851.500,55.422.687.651.802.300,6.613.551.452.064.090,24.397.105.034.612.400,6.883.854.922.627.310,20.521.841.697.474.100,2.007.724.049.214.860,-4.460.874.071.046.490,-741.656.183.435.932,SAL,0
9.773.408.687.826.930,-25.255.009.113.865.000,-8.543.768.908.762.220,16.700.323.171.973.600,-29.649.247.661.254.700,36.371.664.578.240.500,0,10.040.096.319.001.500,8.914.657.167.329.630,19.717.373.102.185.300,20.044.041.591.254,17.693.232.876.156.500,-7.451.938.850.666.330,SEN,0
1.581.969.814.677.160,-29.889.922.753.436.200,-3.709.978.451.955.060,35.088.816.942.684.300,-27.105.524.509.743.000,-5.698.848.517.640.120,600.969.814.677.164,12.412.617.522.316.800,38.585.898.959.158.200,2.010.734.072.208.460,18.963.322.264.494.300,-29.185.041.670.590.400,13.105.674.152.329.700,CA,0
3.042.761.641.727.200,-29.999.868.162.990.900,13.844.976.072.195.100,6.509.521.375.912.770,-2.931.692.361.715.690,8.542.099.883.554.240,2.061.761.641.727.200,48.892.381.177.344.100,3.889.202.127.773.840,21.455.263.807.568.000,2.178.867.547.488.230,-29.800.471.293.168.600,12.324.439.435.952.700,TRO,0
4.957.144.749.559.250,-29.999.946.257.885.400,14.996.676.081.113.600,7.552.982.038.424.900,-29.650.392.891.187.200,24.843.012.327.085.400,3.976.144.749.559.250,3.205.860.227.861.380,5.808.786.549.822.350,20.652.641.096.973.400,2.097.572.804.686.280,-2.650.513.496.569.550,-18.203.348.132.641.500,SAL,0
10.135.682.351.798.000,-2.970.662.802.897.170,2.501.625.988.745.960,23.888.033.226.351.600,-2.437.775.461.283.810,13.826.049.207.811.800,32.568.235.179.809.300,9.914.184.146.566.120,12.043.964.181.757.200,20.379.342.928.580.400,201.162.011.950.648,14.113.329.189.973.200,-208.133.429.150.681,SEN,0
1.160.825.421.552.540,-29.027.850.646.471.000,3.118.387.281.941.960,25.360.506.489.187.700,-17.146.322.020.471.000,-1.345.722.335.161.490,17.982.542.155.254.100,14.283.309.193.043.900,17.736.784.478.176.700,18.898.761.032.427.200,19.296.599.982.304.500,-22.777.379.930.864.500,-8.590.539.420.853.000,CA,0
11.693.314.391.328.700,-29.999.914.651.470.700,12.980.934.075.963.800,7.202.741.481.640.890,-2.966.088.487.935.980,7.925.636.963.347.110,1.883.314.391.328.720,3.732.642.448.176.250,33.928.405.334.364.900,15.851.131.922.307.100,18.782.395.667.846.600,-29.905.566.011.474.200,9.218.667.338.258.440,TRO,0
9.002.718.647.061.160,-2.999.999.064.206.390,24.049.167.951.594.100,4.705.098.720.600.810,-29.672.758.514.059.200,17.147.967.695.390.900,8.021.718.647.061.160,18.434.755.035.205.700,5.876.202.048.277.430,19.418.042.446.087.300,1.942.128.774.314.810,-17.260.305.625.368.500,39.997.221.232.125.100,SAL,0
9.827.323.289.590.350,-29.130.448.569.091.300,20.611.353.941.163.000,7.132.751.028.725.890,-29.362.228.766.898.300,20.277.713.154.985.700,17.323.289.590.354.500,97.451.069.788.857,11.460.848.188.961.500,18.502.679.543.677.500,18.410.225.373.152.000,1.838.036.489.571.610,5.068.068.110.665.870,SEN,0
10.825.096.844.535.600,-29.717.182.044.068.300,32.559.419.336.177.500,317.513.497.094.888,-26.272.567.177.859.600,8.977.191.879.460.960,10.150.968.445.356.700,140.262.591.906.834,26.026.226.390.668.100,20.277.957.488.053.700,20.889.481.021.361.000,-28.530.982.530.451.200,-14.663.111.830.628.200,CA,0
5.146.536.780.732.240,-29.999.930.065.680.500,18.533.839.509.479.000,6.209.897.505.406.150,-2.920.759.213.148.700,7.016.254.562.408.390,4.165.536.780.732.240,20.849.914.875.311.600,57.425.015.303.280.200,18.630.845.450.139.000,2.096.980.682.000.280,-29.735.050.275.146.500,10.457.804.109.078.000,TRO,0
7.742.562.190.041.600,-2.999.999.266.947.020,16.629.006.967.074.300,6.380.334.331.585.430,-29.767.700.379.837.000,31.457.115.530.479.100,6.761.562.190.041.600,12.712.399.612.841.100,518.941.255.114.085,1.551.031.920.467.960,15.679.413.129.701.000,11.890.601.608.971.900,40.882.576.786.968.300,SAL,0
9.874.213.904.686.290,-27.818.610.435.294.600,-8.267.472.632.892.590,59.241.332.129.776.300,-29.874.258.651.737.400,3.661.196.437.028.650,6.421.390.468.629.790,9.843.078.447.641.840,9.970.772.925.739.790,2.010.143.318.196.700,19.766.242.708.723.400,3.876.701.086.254.520,5.872.449.754.729.250,SEN,0
12.972.774.668.735.400,-29.904.551.182.970.000,-3.646.585.534.286.990,4.258.316.722.221.710,-26.284.063.814.262.700,-1.614.243.911.371.190,3.162.774.668.735.440,12.658.298.624.779.000,4.069.310.435.231.020,18.453.194.486.911.300,1.855.358.707.300.150,-29.691.938.343.530.100,7.186.594.062.334.490,CA,0
31.409.763.959.307.000,-2.999.983.919.116.630,1.020.240.968.999.330,5.439.798.072.762.030,-29.467.248.486.207.300,5.160.977.919.720.280,2.159.976.395.930.700,3.390.127.115.364.160,3.897.772.864.945.060,217.485.719.779.726,2.408.900.961.962.410,-2.978.805.701.589.600,39.242.297.463.677.400,TRO,0
10.094.899.805.622.000,-2.999.999.677.136.260,14.935.730.552.486.800,376.086.255.137.652,-2.949.097.835.206.650,9.776.095.930.229.680,9.113.899.805.622.050,9.152.883.528.457.920,7.002.720.734.628.010,17.337.404.502.336.100,1.650.316.283.648.320,-25.973.856.356.179.800,-3.767.851.976.563.050,SAL,0
13.381.567.485.808.100,-29.967.572.247.087.900,27.071.348.312.240.200,3.781.303.124.191.050,-29.345.849.416.791.100,747.936.289.316.389,3.571.567.485.808.180,1.578.448.495.811.620,46.922.702.587.435.200,31.959.222.729.365.800,20.093.191.830.100.500,-29.994.734.692.672.800,14.285.068.822.287.300,CA,0
34.913.632.272.384.300,-29.999.965.128.897.000,11.630.079.874.311.800,21.522.135.547.124.300,-2.666.237.045.313.540,4.139.823.800.412.540,25.103.632.272.384.300,3.417.688.273.266.110,34.110.888.510.813.400,221.218.622.584.699,22.308.868.223.855.900,-29.796.768.385.836.600,2.542.976.403.806.020,TRO,0
9.330.144.705.923.210,-29.999.992.238.608.000,2.686.485.791.616.230,5.801.531.105.183.760,-29.488.513.500.286.200,-10.376.108.130.373.400,8.349.144.705.923.210,4.080.020.573.794.520,5.319.968.912.956.300,16.555.977.840.342.300,16.398.450.419.465.500,6.759.871.371.435.940,-2.967.800.370.616.430,SAL,0
17.927.396.126.064.700,-29.904.218.244.825.100,3.119.930.827.643.380,3.922.285.072.683.350,-26.997.170.791.047.100,-4.950.542.406.362.290,8.117.396.126.064.760,14.063.114.533.245.900,33.192.366.480.660.900,23.531.246.935.281.100,15.753.399.690.857.100,-29.996.591.875.445.200,1.331.421.395.239.900,CA,0
46.768.067.909.693.800,-29.999.892.041.652.800,18.986.541.000.255.300,5.291.953.255.270.410,-29.105.526.372.916.600,5.540.529.754.633.420,369.580.679.096.938,8.622.725.088.163.560,5.711.766.125.175.860,228.465.312.715.579,27.235.902.546.059.900,-2.986.163.732.273.250,6.428.515.105.196.350,TRO,0
9.204.922.921.452.260,-299.999.929.486.417,18.180.533.678.954.900,7.913.789.130.820.690,-29.684.828.522.683.600,-3.102.409.462.994.610,8.223.922.921.452.260,55.188.438.015.683.600,56.849.271.376.548.400,16.756.443.146.972.200,17.255.607.244.948.100,-20.346.818.509.741.200,10.239.335.381.493.100,SAL,0
15.166.319.400.931.100,-2.971.154.539.517.070,-40.914.253.759.724.000,3.667.736.989.045.860,-26.351.857.582.814.100,-3.658.121.046.790.120,5.356.319.400.931.190,12.860.859.635.623.600,3.372.348.660.274.330,28.559.306.929.106.700,17.010.607.164.940.300,-29.987.947.837.608.000,19.878.336.172.066.100,CA,0
11.988.150.632.206.600,-29.999.988.658.125.700,2.250.985.924.060.160,3.597.112.090.648.060,-29.674.051.554.720.300,8.086.101.391.157.710,2.178.150.632.206.670,10.323.894.614.471.800,4.666.032.018.083.390,2.183.653.848.789.310,2.310.412.915.756.250,-29.842.509.174.765.400,4.817.809.864.748.670,TRO,0
11.109.749.780.652.000,-18.528.449.458.795.900,4.868.659.538.842.730,3.762.379.398.439.310,-27.199.813.240.394.200,23.269.067.521.638.900,12.997.497.806.520.300,9.984.324.989.388.720,21.725.171.208.115.400,19.475.800.797.526.600,1.975.749.918.120.850,-17.868.510.568.410.900,5.321.399.907.741.990,SEN,0
15.815.220.703.179.200,-29.938.650.774.075.900,11.721.598.119.703.000,17.476.629.221.542.900,-27.341.997.959.260.100,8.400.533.170.610.970,6.005.220.703.179.250,17.730.485.979.045.700,32.447.956.956.505.000,16.827.833.729.552.900,1.699.811.751.556.700,-7.901.222.967.689.220,34.955.783.076.413.400,GD,1
12.739.581.425.472.200,-29.784.776.850.753.000,5.343.381.724.898.290,17.092.468.103.592.000,-21.725.975.629.226.400,10.047.682.795.402.800,29.295.814.254.722.300,10.511.308.974.228.500,238.252.195.791.138,16.191.886.227.854.400,16.639.374.107.982.900,-2.128.829.038.909.250,12.135.146.267.507.400,GI,1
10.111.100.676.454.400,-29.910.898.306.858.300,5.730.761.129.507.550,20.658.154.151.828.900,-28.693.994.458.486.500,20.460.582.143.161.800,3.011.006.764.544.370,14.698.862.360.614.600,26.889.433.777.269.200,17.499.131.265.886.600,17.406.826.040.229.100,-2.614.021.132.629.610,831.239.122.782.158,GD,1
22.807.162.603.463.000,-2.998.938.285.199.940,1.713.529.299.384.310,2.673.841.685.980.250,-18.448.781.963.156.500,3.649.117.179.636.690,12.997.162.603.463.000,946.321.729.317.362,11.561.600.722.373.000,15.389.619.805.973.300,16.005.723.894.904.000,-2.507.157.652.273.370,-8.454.145.636.168.340,GI,1
11.066.597.528.437.300,-29.991.021.263.064.800,7.681.200.897.447.520,1.974.237.200.776.870,-2.920.504.706.152.650,12.095.502.763.731.600,12.565.975.284.373.000,1.403.121.125.419.970,3.772.024.629.441.740,17.239.639.927.960.600,16.116.004.493.315.000,7.863.777.451.571.360,1.363.297.523.343.110,GD,1
13.447.733.778.551.400,-29.995.080.548.992.700,18.152.877.927.540.800,4.187.959.667.249.930,-2.557.474.480.148.820,5.702.617.088.336.150,3.637.733.778.551.480,7.542.799.245.073.640,16.653.535.582.734.900,18.405.531.610.647.500,18.417.263.249.677.200,-20.048.801.746.093.200,4.321.152.859.261.700,GI,1
10.572.677.532.242.100,-29.942.931.726.067.600,9.414.190.702.722.350,2.533.277.306.144.060,-28.041.443.680.605.400,9.869.040.846.280.560,7.626.775.322.421.770,13.005.512.071.126.500,23.075.019.190.113.400,17.988.195.834.901.200,1.789.941.787.627.740,-19.270.289.894.603.300,19.510.030.155.561.900,GD,1
1.687.571.603.858.770,-2.998.495.535.890.180,659.774.949.220.358,38.839.981.802.013.300,-27.690.158.123.715.900,5.534.306.646.087.430,7.065.716.038.587.720,12.839.635.750.858.300,39.270.259.836.616.700,16.940.943.798.854.800,1.610.963.657.494.900,6.890.337.503.121.520,2.052.878.650.897.420,GI,1
19.675.118.939.172.600,-2.997.989.659.607.950,4.547.072.237.390.500,2.347.113.657.128.570,-18.991.513.237.216.100,8.261.153.938.305.410,9.865.118.939.172.600,12.154.042.025.831.100,3.116.380.631.026.680,1.654.183.755.520.800,17.527.498.618.286.200,-19.885.852.946.878.200,6.139.636.382.370.670,GD,1
15.764.995.317.886.000,-2.999.528.514.988.560,69.345.516.519.937,3.725.414.490.443.820,-294.523.374.152.031,4.416.171.950.107.090,5.954.995.317.886.090,24.801.286.953.515.300,37.410.106.137.453.000,17.237.760.120.822.000,18.776.165.556.855.800,-2.670.062.141.886.870,17.296.653.671.286.500,GD,1
1.340.160.139.241.900,-299.791.987.809.314,722.514.593.849.158,32.612.595.097.753.100,-2.764.734.172.568.970,5.280.977.971.376.730,3.591.601.392.419.010,15.759.625.879.941.400,17.483.160.859.844.300,1.779.047.983.021.000,16.650.837.415.239.000,-9.072.397.090.148.910,11.850.409.928.473.800,GI,1
1.384.278.278.996.750,-2.998.336.368.186.910,14.508.697.477.200.200,3.115.098.726.492.900,-28.981.078.282.181.700,10.035.613.113.491.600,403.278.278.996.752,14.790.020.921.492.900,21.990.012.599.457.500,17.791.289.809.238.800,17.025.839.077.745.000,-21.724.503.815.827.700,-3.015.524.911.184.510,GD,1
17.198.572.521.857.800,-2.998.093.300.066.200,3.052.231.708.008.450,2.492.587.897.190.940,-2.747.732.707.258.040,9.989.812.565.876.280,7.388.572.521.857.870,1.637.297.165.829.860,4.932.852.788.491.140,16.492.252.389.281.600,17.352.659.223.821.000,-1.855.018.037.852.240,-5.584.443.547.643.690,GI,1
134.351.477.558.824,-2.996.866.104.633.730,228.389.523.405.602,2.445.944.271.833.810,-23.438.039.805.992.200,4.818.025.528.332.300,36.251.477.558.824.000,12.972.658.548.155.300,25.291.427.542.156.200,1.726.144.881.883.770,17.037.147.617.561.000,12.369.742.224.656.500,-29.445.199.960.758.800,GD,1
13.217.834.164.244.500,-29.991.786.133.016.500,4.925.587.691.513.520,23.327.145.774.208.400,-26.572.661.390.600.500,41.326.472.131.374.100,34.078.341.642.445.700,14.150.140.267.245.300,16.097.035.979.213.500,16.463.850.963.243.200,17.324.733.206.209.800,-592.370.329.309.416,24.372.349.404.354.200,GI,1
9.581.972.581.937.020,-29.978.168.192.322.800,8.159.315.767.370.980,19.291.593.029.263.200,-27.681.310.214.865.800,17.294.278.359.760.100,0,18.718.199.177.021.900,3.538.799.089.890.520,1.674.999.630.124.060,1.722.052.229.021.100,-2.314.953.631.860.890,3.274.744.095.813.490,GD,1
12.847.287.427.164.900,-29.994.104.325.685.600,7.857.011.148.456.810,4.974.658.169.087.220,-27.596.450.247.759.000,6.476.419.035.383.430,3.037.287.427.164.950,23.790.772.374.046.800,28.361.582.977.322.400,16.569.344.451.175.100,15.662.298.254.566.200,-9.184.805.958.534.180,1.995.122.231.269.840,GD,1
11.059.291.448.520.900,-29.898.572.008.920.100,7.550.025.510.310.140,2.860.159.225.384.480,-2.800.437.106.407.560,22.414.950.581.299.600,12.492.914.485.209.600,1.126.173.801.160.930,13.944.475.737.967.100,16.287.982.822.314.500,15.969.695.641.538.100,-15.301.163.447.175.400,-44.077.973.576.474.200,GI,1
9.895.185.711.467.900,-29.965.985.734.736.900,5.624.575.878.254.610,25.392.384.502.395.600,-28.452.220.722.906.300,5.802.606.033.476.850,8.518.571.146.790.240,1.603.063.488.968.700,2.143.928.346.220.630,15.689.626.910.513.000,15.605.190.978.380.400,-28.459.086.055.192.800,10.681.347.867.643.900,GI,1
879.361.644.618.138,-2.998.423.678.620.790,3.504.646.430.196.690,338.737.027.981.074,-28.611.065.759.750.000,1.250.455.299.291.420,0,1.419.674.698.516.100,3.037.227.195.320.990,17.690.233.386.987.100,1.618.154.460.680.340,-22.369.932.334.799.500,7.452.773.899.712.810,GD,1
1.440.320.008.167.140,-29.996.793.650.275.700,14.958.938.405.349.200,15.440.264.524.872.700,-2.484.573.941.490.100,6.584.239.706.010.550,4.593.200.081.671.480,17.822.070.716.732.800,2.182.592.413.711.930,17.304.253.167.903.500,15.935.732.889.453.100,-2.925.695.180.007.240,19.280.831.782.320.600,GI,1
11.523.967.461.555.200,-29.912.217.517.801.100,3.783.859.293.965.170,28.225.016.799.987.000,-28.999.061.563.660.900,1.089.502.644.835.750,17.139.674.615.552.500,10.889.098.293.215.300,17.244.622.061.954.400,15.067.766.798.210.200,1.530.094.113.030.300,-6.960.797.138.679.910,5.744.959.053.256.610,GD,1
9.716.559.664.949.950,-2.993.108.422.754.430,1.140.505.614.689.550,22.310.301.802.561.700,-2.794.976.580.998.480,1.156.007.861.921.760,0,15.928.890.907.702.200,2.095.879.132.607.480,2.000.538.876.974.510,2.030.988.790.292.390,-29.379.938.758.378.500,17.100.468.850.685.900,GI,1
15.603.043.566.468.700,-29.993.811.053.751.400,15.504.183.942.005.900,22.546.414.026.312.300,-2.791.514.237.341.480,11.142.200.383.005.900,5.793.043.566.468.750,23.288.780.661.711.200,2.231.493.715.824.040,1.543.166.815.664.660,15.999.762.305.866.300,5.472.840.747.326.080,25.607.430.474.916.100,GD,1
11.265.931.595.132.900,-29.767.797.807.736.300,-13.759.043.444.384.200,15.165.254.297.407.400,-26.839.855.009.273.100,1.024.474.561.112.900,14.559.315.951.329.800,13.811.632.552.744.400,16.478.546.944.790.000,20.620.891.919.978.600,1.904.383.311.445.760,-2.936.836.789.906.610,3.247.973.199.431.290,GI,1